SampleID	Tissue	Genotype	Treatment	group	antibody	control	Replicate	paired	acc	spots	avgLength
Halo_R1_T1			Halo	Halo			1	FALSE	s01	3641868	25.99411895214214
Halo_R2_T1			Halo	Halo			2	FALSE	s02	3281566	25.993740488535046
RA2_LBD16_R1_T1			RA2_LBD16	RA2_LBD16	RA2_LBD16	Halo	1	FALSE	s03	2577084	25.957131393466415
RA2_LBD16_R2_T1			RA2_LBD16	RA2_LBD16	RA2_LBD16	Halo	2	FALSE	s04	2445729	25.957489157629485
Knotted1_HB1_R1_T1			Knotted1_HB1	Knotted1_HB1	Knotted1_HB1	Halo	1	FALSE	s05	3344831	71.17760000430515
Knotted1_HB1_R2_T1			Knotted1_HB1	Knotted1_HB1	Knotted1_HB1	Halo	2	FALSE	s06	4144549	67.15078528447847
P1_MYB3_R1_T1			P1_MYB3	P1_MYB3	P1_MYB3	Halo	1	FALSE	s07	8183968	25.993340883053307
P1_MYB3_R2_T1			P1_MYB3	P1_MYB3	P1_MYB3	Halo	2	FALSE	s08	6870337	25.99301795530554
